catagory,title,doi,published date,Altmetric score,Score change in 1 year,Score change in 6 months,Score change in 3 months,Score change in 1 months,Score change in 1 week,Score change in 5d,Score change in 3d,Score change in 1d,readers count,Shared on Facebook,Mentionded in blogs,Shared on G+,Mentionded in news,Number of discreet mentions,Reddit posts,Tweeted,Number of the Youtube/Vimeo channels
,Reflecting on Goals for Science,10.1126/science.1234351,2013-01-04,47.15,0,0,0,0,0,0,0,0,12,1,0,0,0,87,0,80,0
News &amp; Analysis,H5N1 Researchers Ready as Moratorium Nears End,10.1126/science.339.6115.16,2013-01-03,14.95,0,0,0,0,0,0,0,0,6,1,0,0,0,24,0,22,0
News &amp; Analysis,China Partners With Gay Groups on HIV Screening,10.1126/science.339.6115.17,2013-01-04,7.3,0,0,0,0,0,0,0,0,18,0,0,0,0,10,0,10,0
News &amp; Analysis,Budget Crunch to Shrink Science Programs at Chicago's Field Museum,10.1126/science.339.6115.19,2013-01-04,13.222,0,0,0,0,0,0,0,0,7,0,1,0,0,6,0,5,0
News &amp; Analysis,Space Solar Cells With A Down-to-Earth Cost,10.1126/science.339.6115.21,2013-01-04,3.1,0,0,0,0,0,0,0,0,12,0,0,0,0,5,0,5,0
News Focus,Death of a Star,10.1126/science.339.6115.22,2013-01-03,19.3,0,0,0,0,0,0,0,0,8,3,0,0,0,31,0,25,0
News Focus,The Immune System's Compact Genomic Counterpart,10.1126/science.339.6115.25,2013-01-04,16.75,0,0,0,0,0,0,0,0,102,1,0,1,0,29,0,24,0
News Focus,Europe's Â 2 Billion Bet on the Future,10.1126/science.339.6115.28,2013-01-03,29.05,0,0,0,0,0,0,0,0,14,7,0,0,1,38,0,25,0
Letters,NextGenVoices,10.1126/science.339.6115.30,2013-01-04,7.75,0,0,0,0,0,0,0,0,2,11,0,0,0,18,0,6,0
Books et al.,Rejecting the Evidence,10.1126/science.1231183,2013-01-04,3.5,0,0,0,0,0,0,0,0,6,0,0,0,0,4,0,4,0
Policy Forum,Threats from India's Himalaya Dams,10.1126/science.1227211,2013-01-04,63.188,0,0,0,0,0,0,0,0,45,2,2,0,5,20,0,10,0
Perspective,Getting Past Polyproline Pauses,10.1126/science.1233338,2013-01-03,4,0,0,0,0,0,0,0,0,55,0,0,0,0,4,0,3,0
Perspective,Entropies of Adsorbed Molecules Exceed Expectations,10.1126/science.1231552,2013-01-04,9.35,0,0,0,0,0,0,0,0,48,0,0,0,0,16,0,16,0
Perspective,"Science, New Media, and the Public",10.1126/science.1232329,2013-01-04,226.938,0,0,0,0,0,0,0,0,76,5,15,6,1,200,0,154,0
Perspective,Physics. Negative temperatures?,10.1126/science.1232558,2013-01-04,35.15,0,0,0,0,0,0,0,0,77,1,1,0,0,29,0,23,0
Perspective,Bioinspired Oxidation Catalysts,10.1126/science.1232220,2013-01-04,4.05,0,0,0,0,0,0,0,0,20,1,0,0,0,7,0,6,0
