DOI,catagory,pubilcation date,title,altmetric score,outlets,blogged,tweeted,facebooked,google+,wikipedia,videoed,reddited,mendeleyed
10.1126/science.1234351,,04 Jan 2013,Reflecting on Goals for ,48,0,0,80,1,0,0,0,0,12
10.1126/science.339.6115.16,,04 Jan 2013,H5N1 Researchers Ready as Moratorium Nears End,15,0,0,22,1,0,0,0,0,6
10.1126/science.339.6115.17,,04 Jan 2013,China Partners With Gay Groups on HIV Screening,8,0,0,10,0,0,0,0,0,18
10.1126/science.339.6115.19,,04 Jan 2013,Budget Crunch to Shrink Science Programs at Chicago's Field Museum,14,0,1,5,0,0,0,0,0,7
10.1126/science.339.6115.21,,04 Jan 2013,Space Solar Cells With A Down-to-Earth Cost,4,0,0,5,0,0,0,0,0,12
10.1126/science.339.6115.22,News Focus,04 Jan 2013,Death of a Star,20,0,0,25,3,0,0,0,0,8
10.1126/science.339.6115.25,,04 Jan 2013,The Immune System's Compact Genomic Counterpart,17,0,0,24,1,1,0,0,0,98
10.1126/science.339.6115.28,,04 Jan 2013,Europe's â‚¬2 Billion Bet on the Future,30,1,0,25,7,0,0,0,0,13
10.1126/science.339.6115.30,Letters,04 Jan 2013,NextGenVoices,8,0,0,6,11,0,0,0,0,1
10.1126/science.1231183,,04 Jan 2013,Rejecting the Evidence,4,0,0,4,0,0,0,0,0,6
10.1126/science.1227211,,04 Jan 2013,Threats from India's Himalaya Dams,64,5,2,10,2,0,0,0,0,43
10.1126/science.1233338,,04 Jan 2013,Getting Past Polyproline Pauses,4,0,0,3,0,0,1,0,0,55
